category,orders,revenue,revenue_share_pct,revenue_rank,avg_review,reviewed_orders,review_rank,enough_orders
health_beauty,8647,1233131.72,9.33,1,4.23,8601,16,1
watches_gifts,5495,1166176.98,8.82,2,4.12,5454,31,1
bed_bath_table,9272,1023434.76,7.74,3,4.0,9177,45,1
sports_leisure,7530,954852.55,7.22,4,4.23,7486,17,1
computers_accessories,6530,888724.61,6.72,5,4.08,6499,39,1
furniture_decor,6307,711927.69,5.38,6,4.06,6260,41,1
housewares,5743,615628.69,4.66,7,4.19,5709,22,1
cool_stuff,3559,610204.1,4.62,8,4.22,3531,20,1
auto,3810,578966.65,4.38,9,4.15,3792,27,1
toys,3804,471286.48,3.56,10,4.24,3774,13,1
garden_tools,3448,470495.28,3.56,11,4.18,3428,23,1
baby,2809,400421.84,3.03,12,4.1,2787,36,1
perfumery,3086,390144.65,2.95,13,4.26,3076,9,1
telephony,4093,309860.23,2.34,14,4.05,4069,42,1
office_furniture,1254,268154.31,2.03,15,3.64,1244,52,1
stationery,2264,223788.69,1.69,16,4.3,2251,6,1
computers,177,218684.14,1.65,17,4.22,174,18,1
pet_shop,1688,211695.64,1.6,18,4.27,1680,7,1
musical_instruments,611,184315.74,1.39,19,4.23,605,15,1
small_appliances,609,182754.12,1.38,20,4.25,604,10,1
unknown,1392,170726.63,1.29,21,4.01,1382,43,1
electronics,2517,155043.93,1.17,22,4.12,2498,30,1
fashion_bags_accessories,1820,149329.39,1.13,23,4.24,1811,12,1
consoles_games,1018,148003.37,1.12,24,4.18,1009,24,1
construction_tools_construction,736,142108.49,1.07,25,4.13,731,28,1
luggage_accessories,1019,138701.63,1.05,26,4.37,1015,4,1
home_appliances_2,227,107953.95,0.82,27,4.15,226,26,1
home_construction,483,81407.57,0.62,28,3.99,481,46,1
home_appliances,747,78832.48,0.6,29,4.21,744,21,1
agro_industry_and_commerce,177,70566.1,0.53,30,4.11,177,35,1
furniture_living_room,414,67350.7,0.51,31,4.07,409,40,1
home_confort,392,58008.45,0.44,32,3.88,390,49,1
fixed_telephony,212,55315.21,0.42,33,3.97,209,48,1
air_conditioning,246,53323.56,0.4,34,4.12,242,33,1
audio,348,50570.6,0.38,35,3.84,345,50,1
small_appliances_home_oven_and_coffee,72,46589.56,0.35,36,4.43,72,,0
kitchen_dining_laundry_garden_furniture,241,45531.98,0.34,37,4.13,239,29,1
books_general_interest,496,45302.15,0.34,38,4.53,492,1,1
construction_tools_lights,242,39957.0,0.3,39,4.15,239,25,1
construction_tools_safety,159,38773.22,0.29,40,3.97,158,47,1
industry_commerce_and_business,232,38498.81,0.29,41,4.22,230,19,1
food,441,28731.15,0.22,42,4.33,437,5,1
market_place,274,27795.77,0.21,43,4.09,272,38,1
costruction_tools_garden,190,25096.28,0.19,44,4.25,190,11,1
art,195,23657.3,0.18,45,4.1,193,37,1
fashion_shoes,235,23001.46,0.17,46,4.26,231,8,1
drinks,287,21529.84,0.16,47,4.24,287,14,1
signaling_and_security,138,21315.05,0.16,48,4.12,137,32,1
furniture_bedroom,90,19051.8,0.14,49,4.26,90,,0
books_technical,256,18702.23,0.14,50,4.43,255,3,1
costruction_tools_tools,97,15903.95,0.12,51,4.43,94,,0
food_drink,221,14942.88,0.11,52,4.44,221,2,1
fashion_male_clothing,106,10452.33,0.08,53,3.82,105,51,1
fashion_underwear_beach,117,9305.95,0.07,54,4.01,116,44,1
christmas_supplies,125,8737.84,0.07,55,4.11,123,34,1
tablets_printing_image,79,7528.41,0.06,56,4.16,77,,0
cine_photo,63,6674.47,0.05,57,4.33,63,,0
music,38,6034.35,0.05,58,4.21,38,,0
dvds_blu_ray,56,4542.59,0.03,59,4.2,56,,0
party_supplies,38,4465.19,0.03,60,4.08,38,,0
books_imported,50,4418.86,0.03,61,4.44,50,,0
furniture_mattress_and_upholstery,37,4323.38,0.03,62,3.89,37,,0
portateis_cozinha_e_preparadores_de_alimentos,13,3933.63,0.03,63,3.62,13,,0
fashio_female_clothing,36,2634.94,0.02,64,3.92,36,,0
fashion_sport,26,2094.52,0.02,65,4.38,26,,0
la_cuisine,13,2054.99,0.02,66,4.25,12,,0
arts_and_craftmanship,23,1814.01,0.01,67,4.17,23,,0
diapers_and_hygiene,25,1500.79,0.01,68,3.96,25,,0
pc_gamer,7,1306.95,0.01,69,3.43,7,,0
flowers,29,1110.04,0.01,70,4.39,28,,0
home_comfort_2,24,760.27,0.01,71,3.83,23,,0
cds_dvds_musicals,12,730.0,0.01,72,4.67,12,,0
fashion_childrens_clothes,7,519.95,0.0,73,5.0,7,,0
security_and_services,2,283.29,0.0,74,2.5,2,,0
