customer_state,delivered_orders,late_orders,late_rate_pct,avg_delivery_days,avg_days_late_when_late,enough_orders
AL,397,85,21.41,24.5,9.5,1
MA,717,125,17.43,21.5,10.5,1
SE,335,51,15.22,21.5,16.2,1
PI,476,66,13.87,19.4,13.3,1
CE,1279,176,13.76,21.2,15.2,1
RR,41,5,12.2,29.3,36.4,0
BA,3256,396,12.16,19.3,12.0,1
RJ,12350,1495,12.11,15.2,13.5,1
PA,946,106,11.21,23.7,12.8,1
ES,1995,214,10.73,15.7,11.3,1
PB,517,54,10.44,20.4,10.3,1
TO,274,27,9.85,17.6,6.5,1
MS,701,68,9.7,15.5,8.3,1
PE,1593,153,9.6,18.4,12.0,1
RN,474,44,9.28,19.2,14.5,1
SC,3546,291,8.21,14.9,8.3,1
GO,1957,128,6.54,15.5,11.4,1
RS,5344,325,6.08,15.2,10.2,1
MT,886,53,5.98,18.0,10.6,1
DF,2080,118,5.67,12.9,7.4,1
MG,11354,519,4.57,11.9,8.4,1
SP,40494,1820,4.49,8.7,8.3,1
PR,4923,199,4.04,11.9,8.3,1
AC,80,3,3.75,21.0,18.7,0
AP,67,2,2.99,27.2,72.5,0
RO,243,7,2.88,19.3,5.6,1
AM,145,4,2.76,26.4,30.3,1
