category,orders,revenue,freight,freight_share_pct,enough_orders
ALL CATEGORIES,96478,13221498.11,2198275.64,16.63,1
home_comfort_2,24,760.27,410.31,53.97,0
flowers,29,1110.04,488.87,44.04,0
furniture_mattress_and_upholstery,37,4323.38,1581.37,36.58,0
christmas_supplies,125,8737.84,3190.91,36.52,1
diapers_and_hygiene,25,1500.79,545.4,36.34,0
cds_dvds_musicals,12,730.0,224.99,30.82,0
signaling_and_security,138,21315.05,6477.54,30.39,1
electronics,2517,155043.93,45679.16,29.46,1
food_drink,221,14942.88,4394.89,29.41,1
dvds_blu_ray,56,4542.59,1227.25,27.02,0
fashion_sport,26,2094.52,563.03,26.88,0
furniture_living_room,414,67350.7,17694.37,26.27,1
kitchen_dining_laundry_garden_furniture,241,45531.98,11540.99,25.35,1
drinks,287,21529.84,5441.27,25.27,1
office_furniture,1254,268154.31,67057.05,25.01,1
food,441,28731.15,7063.53,24.58,1
furniture_decor,6307,711927.69,168402.23,23.65,1
housewares,5743,615628.69,142763.56,23.19,1
furniture_bedroom,90,19051.8,4327.42,22.71,0
books_technical,256,18702.23,4198.84,22.45,1
telephony,4093,309860.23,69342.39,22.38,1
fashio_female_clothing,36,2634.94,583.5,22.14,0
luggage_accessories,1019,138701.63,30076.49,21.68,1
fashion_shoes,235,23001.46,4813.37,20.93,1
costruction_tools_garden,190,25096.28,5187.66,20.67,1
garden_tools,3448,470495.28,96650.4,20.54,1
fashion_bags_accessories,1820,149329.39,30558.9,20.46,1
stationery,2264,223788.69,45786.36,20.46,1
arts_and_craftmanship,23,1814.01,370.13,20.4,0
fashion_underwear_beach,117,9305.95,1854.07,19.92,1
fashion_male_clothing,106,10452.33,2062.62,19.73,1
bed_bath_table,9272,1023434.76,201774.5,19.72,1
industry_commerce_and_business,232,38498.81,7580.53,19.69,1
books_general_interest,496,45302.15,8880.39,19.6,1
market_place,274,27795.77,5318.61,19.13,1
construction_tools_lights,242,39957.0,7490.14,18.75,1
cine_photo,63,6674.47,1227.71,18.39,0
pet_shop,1688,211695.64,38918.56,18.38,1
party_supplies,38,4465.19,820.19,18.37,0
home_appliances,747,78832.48,14469.3,18.35,1
sports_leisure,7530,954852.55,163404.36,17.11,1
home_construction,483,81407.57,13614.8,16.72,1
books_imported,50,4418.86,732.08,16.57,0
baby,2809,400421.84,66305.81,16.56,1
tablets_printing_image,79,7528.41,1226.2,16.29,0
la_cuisine,13,2054.99,333.55,16.23,0
computers_accessories,6530,888724.61,143999.16,16.2,1
art,195,23657.3,3828.23,16.18,1
toys,3804,471286.48,75774.58,16.08,1
unknown,1392,170726.63,26969.06,15.8,1
auto,3810,578966.65,90488.1,15.63,1
fashion_childrens_clothes,7,519.95,78.72,15.14,0
security_and_services,2,283.29,41.22,14.55,0
home_confort,392,58008.45,8429.77,14.53,1
health_beauty,8647,1233131.72,178957.81,14.51,1
construction_tools_construction,736,142108.49,20273.52,14.27,1
perfumery,3086,390144.65,53026.98,13.59,1
cool_stuff,3559,610204.1,81476.79,13.35,1
consoles_games,1018,148003.37,19094.36,12.9,1
costruction_tools_tools,97,15903.95,2030.22,12.77,0
air_conditioning,246,53323.56,6530.99,12.25,1
music,38,6034.35,690.51,11.44,0
audio,348,50570.6,5684.72,11.24,1
musical_instruments,611,184315.74,17871.38,9.7,1
construction_tools_safety,159,38773.22,3730.8,9.62,1
home_appliances_2,227,107953.95,10254.57,9.5,1
pc_gamer,7,1306.95,123.15,9.42,0
watches_gifts,5495,1166176.98,98156.14,8.42,1
small_appliances,609,182754.12,15354.35,8.4,1
fixed_telephony,212,55315.21,4501.33,8.14,1
agro_industry_and_commerce,177,70566.1,5637.2,7.99,1
portateis_cozinha_e_preparadores_de_alimentos,13,3933.63,294.42,7.48,0
small_appliances_home_oven_and_coffee,72,46589.56,2656.34,5.7,0
computers,177,218684.14,9665.62,4.42,1
