seller_id,seller_state,orders,revenue,revenue_rank,late_rate_pct,avg_review,worse_than_marketplace
4869f7a5dfa277a7dca6462dcf3b52b2,SP,1124,226987.93,1,10.5,4.15,0
53243585a1d6dc2643021fd1853d8905,BA,348,217940.44,2,3.45,4.19,0
4a3ca9315b744ce9f8e9374361493884,SP,1772,196882.12,3,9.71,3.85,1
fa1c13f2614d7b5c4749cbc52fecda94,SP,578,190917.14,4,9.17,4.37,0
7c67e1448b00f6e969d365cea6b010ab,SP,973,186570.05,5,9.15,3.5,1
7e93a43ef30c4f03f38b393420bc753a,SP,319,165981.49,6,4.7,4.36,0
da8622b14eb17ae2831f4ac5b9dab84a,SP,1311,159816.87,7,6.64,4.18,0
7a67c85e85bb2ce8582c35f2203ad736,SP,1145,139658.69,8,5.24,4.28,0
1025f0e2d44d7041d6cf58b6550e0bfa,SP,910,138208.56,9,7.91,4.01,1
955fee9216a65b617aa5c0531780ce60,SP,1261,131836.71,10,6.11,4.2,0
46dc3b2cc0980fb8ec44634e21d2718e,RJ,503,122811.38,11,5.77,4.27,0
6560211a19b47992c3666cc44a7e94c0,SP,1819,120702.83,12,5.28,3.98,0
620c87c171fb2a6dd6e8bb4dec959fc6,RJ,722,112461.5,13,8.73,4.31,0
7d13fca15225358621be4086e1eb0964,SP,558,112436.18,14,11.47,4.04,1
5dceca129747e92ff8ef7a997dc4f8ca,SP,322,111126.73,15,5.59,4.01,0
1f50f920176fa81dab994f9023523100,SP,1399,106655.71,16,8.86,4.14,0
cc419e0650a3c5ba77189a1882b7556a,SP,1651,101090.96,17,5.27,4.15,0
a1043bafd471dff536d0c462352beb48,MG,702,99309.23,18,4.99,4.28,0
3d871de0142ce09b7081e2b9d1733cb1,SP,1064,93407.4,19,5.45,4.19,0
edb1ef5e36e0c8cd84eb3c9b003e486d,RJ,165,79144.9,20,7.27,4.44,0
ccc4bbb5f32a6ab2b7066a4130f114e3,PR,184,72926.72,21,6.52,4.32,0
f7ba60f8c3f99e7ee4042fdef03b70c4,SP,218,68070.0,22,13.76,4.22,0
fe2032dab1a61af8794248c8196565c9,SP,293,65689.71,23,8.87,4.39,0
8581055ce74af1daba164fdbd55a40de,SP,380,64011.22,24,8.18,4.31,0
cca3071e3e9bb7d12640c9fbe2301306,SP,699,63035.16,25,4.86,3.89,0
04308b1ee57b6625f47df1d56f00eedf,SC,92,58991.8,26,7.61,3.95,1
522620dcb18a6b31cd7bdf73665113a9,PR,172,56690.49,27,8.72,3.91,1
de722cd6dad950a92b7d4f82673f8833,PE,337,55126.3,28,3.56,4.3,0
37be5a7c751166fbc5f8ccba4119e043,SP,269,54735.55,29,2.6,4.33,0
17e34d8224d27a541263c4c64b11a56b,SP,247,54440.28,30,7.69,4.25,0
7ddcbb64b5bc1ef36ca8c151f6ec77df,SP,325,54435.66,31,8.31,4.03,1
25c5c91f63607446a97b143d2d535d31,MG,156,54208.78,32,7.05,3.85,1
218d46b86c1881d022bce9c68a7d4b15,SP,382,53710.3,33,8.64,4.18,0
ceaec5548eefc6e23e6607c5435102e7,SP,198,51478.18,34,5.05,4.2,0
f5a590cf36251cf1162ea35bef76fe84,SP,113,51232.78,35,7.08,4.27,0
e882b2a25a10b9c057cc49695f222c19,RJ,57,51057.54,36,0.0,4.58,0
2bf6a2c1e71bbd29a4ad64e6d3c3629f,RJ,30,50628.9,37,6.67,4.17,0
f8db351d8c4c4c22c6835c19a46f01b0,SP,659,50082.6,38,4.25,4.26,0
b2ba3715d723d245138f291a6fe42594,SP,324,49302.18,39,6.79,4.2,0
17f51e7198701186712e53a39c564617,SP,56,48019.0,40,8.93,4.34,0
8160255418d5aaa7dbdc9f4c64ebda44,SP,380,46368.39,41,13.68,3.95,1
966cb4760537b1404caedd472cc610a5,SP,67,45928.26,42,2.99,4.13,0
77530e9772f57a62c906e1c21538ab82,PR,312,45676.6,43,9.29,4.15,0
4e922959ae960d389249c378d1c939f5,SP,412,45338.42,44,8.98,3.96,1
850f4f8af5ea87287ac68de36e29107f,SP,186,45285.37,45,4.84,4.3,0
c826c40d7b19f62a09e2d7c5e7295ee2,SP,346,44653.04,46,7.51,4.13,1
b33e7c55446eabf8fe1a42d037ac7d6d,SP,149,44215.17,47,11.41,4.2,0
ba90964cff9b9e0e6f32b23b82465f7b,SP,38,44212.5,48,5.26,4.42,0
eeb6de78f79159600292e314a77cbd18,SC,82,43510.84,49,3.66,4.44,0
c3cfdc648177fdbbbb35635a37472c53,PR,278,43048.18,50,1.44,4.47,0
4d6d651bd7684af3fffabd5f08d12e5a,SP,363,42999.0,51,3.86,4.22,0
b839e41795b7f3ad94cc2014a52f6796,SP,33,42829.0,52,3.03,4.09,0
e9779976487b77c6d4ac45f75ec7afe9,SP,645,42229.69,53,6.05,4.26,0
17a053fcb14bd219540cbde0df490be0,SP,124,40353.24,54,5.65,4.25,0
d91fb3b7d041e83b64a00a3edfb37e4f,SP,524,39926.39,55,3.82,4.14,0
834f3294fba9f932f56edc879193f925,SP,66,39907.5,56,6.06,4.55,0
391fc6631aebcf3004804e51b40bcf1e,SP,521,39475.3,57,8.64,4.04,1
712e6ed8aa4aa1fa65dab41fed5737e4,SC,77,39385.0,58,20.78,3.39,1
634964b17796e64304cadf1ad3050fb7,RJ,265,39114.1,59,9.43,4.06,1
2eb70248d66e0e3ef83659f71b244378,SP,187,38990.72,60,11.23,2.79,1
7142540dd4c91e2237acb7e911c4eba2,SP,316,37181.94,61,7.28,4.05,1
7178f9f4dd81dcef02f62acdf8151e01,SC,202,36795.4,62,3.47,4.06,0
ea8482cd71df3c1969d7b9473ff13abc,SP,1132,36696.76,63,8.48,4.03,1
c70c1b0d8ca86052f45a432a38b73958,SP,260,36289.15,64,5.38,4.37,0
06a2c3af7b3aee5d69171b0e14f0ee87,MA,389,36097.98,65,19.02,4.01,1
c3867b4666c7d76867627c2f7fb22e21,SP,228,34666.9,66,10.96,4.08,1
7299e27ed73d2ad986de7f7c77d919fa,MG,335,34107.44,67,4.18,4.43,0
e9bc59e7b60fc3063eb2290deda4cced,PR,209,33543.69,68,7.66,4.08,1
1835b56ce799e6a4dc4eddc053f04066,SP,417,33005.32,69,10.31,3.67,1
5c243662ce92d84573bfaff24c3e3700,SP,98,32862.02,70,1.02,4.14,0
dbc22125167c298ef99da25668e1011f,MG,394,32829.12,71,2.54,4.32,0
9c0e69c7bf2619675bbadf47b43f655a,SP,151,32720.4,72,8.61,4.2,0
2528513dd95219a6013d4d05176e391a,SP,160,32660.2,73,3.75,3.97,0
76d5af76d0271110f9af36c92573f765,SP,128,31944.6,74,9.38,4.13,1
70eea00b476a314817cefde4aad4f89a,SP,106,31424.75,75,6.6,4.41,0
0241d4d5d36f10f80c644447315af0bd,PR,238,31397.7,76,4.62,4.35,0
88460e8ebdecbfecb5f9601833981930,PR,246,31320.4,77,17.07,3.43,1
7681ef142fd2c19048da7430856b5588,SP,58,31211.81,78,8.62,4.23,0
87142160b41353c4e5fca2360caf6f92,RS,305,31095.98,79,3.93,4.4,0
855668e0971d4dfd7bef1b6a4133b41b,SP,300,30849.22,80,12.67,3.85,1
e59aa562b9f8076dd550fcddf0e73491,PR,69,30716.3,81,8.7,4.26,0
70a12e78e608ac31179aea7f8422044b,SP,312,29963.53,82,9.29,3.81,1
53e4c6e0f4312d4d2107a8c9cddf45cd,SP,463,29587.77,83,4.75,4.13,0
d23019c84ffae2d5ef2270367b8605fc,PR,39,29205.1,84,2.56,4.41,0
1554a68530182680ad5c8b042c3ab563,MG,246,28979.64,85,6.1,4.33,0
900ba814c251a692506d7834c1218441,SP,86,28833.03,86,13.95,4.23,0
0b90b6df587eb83608a64ea8b390cf07,PR,163,28492.76,87,3.68,4.04,0
59b22a78efb79a4797979612b885db36,MG,125,27184.5,88,11.2,3.98,1
d1c281d3ae149232351cd8c8cc885f0d,SP,214,26833.61,89,6.54,3.81,0
b32be1695eb7ec5f10f72d9610a12527,RS,44,26575.0,90,4.55,4.14,0
12b9676b00f60f3b700e83af21824c0e,RS,133,26376.0,91,0.75,4.55,0
a3a38f4affed601eb87a97788c949667,SC,251,26294.62,92,4.38,4.4,0
7e1fb0a3ebfb01ffb3a7dae98bf3238d,SP,155,26169.53,93,11.61,4.19,0
de23c3b98a88888289c6f5cc1209054a,SP,161,25933.67,94,7.45,4.29,0
9f505651f4a6abe901a56cdc21508025,SP,393,25912.84,95,4.07,4.37,0
16090f2ca825584b5a147ab24aa30c86,SP,398,25579.16,96,8.04,4.09,1
b94cc9f10ddc85e4ba73a6f7974e7101,RJ,39,25346.1,97,5.13,4.3,0
a416b6a846a11724393025641d4edd5e,SP,157,24930.24,98,10.83,4.22,0
c003204e1ab016dfa150abc119207b24,SP,195,24904.29,99,5.13,4.47,0
1c68394e931a64f90ea236c5ea590300,PR,142,24832.75,100,3.52,3.9,0
f62d7bb4a613ec758a03342d46b580b2,MG,32,24665.0,101,9.38,4.38,0
1900267e848ceeba8fa32d80c1a5f5a8,SP,406,24639.57,102,8.13,3.86,1
001cca7ae9ae17fb1caed9dfb1094831,ES,195,24487.03,103,6.15,4.06,0
dc4a0fc896dc34b0d5bfec8438291c80,SP,225,23655.98,104,6.67,3.81,0
2b3e4a2a3ea8e01938cabda2a3e5cc79,SP,52,23629.15,105,0.0,4.37,0
612170e34b97004b3ba37eae81836b4c,RS,107,23065.02,106,0.93,4.43,0
7b0df942f46435babab05d49b744b2c4,SP,32,22600.63,107,9.38,4.39,0
1a3df491d1c4f1589fc2b934ada68bf2,SC,160,22472.4,108,3.75,4.28,0
710e3548e02bc1d2831dfc4f1b5b14d4,PR,131,22369.25,109,3.82,3.43,0
744dac408745240a2c2528fb1b6028f3,PR,78,22322.6,110,1.28,4.58,0
7ad32824caee82087b3e2e5f33b1bf32,SP,147,22018.1,111,12.93,3.86,1
f45122a9ab94eb4f3f8953578bc0c560,SP,184,21764.68,112,7.07,3.97,1
897060da8b9a21f655304d50fd935913,SP,304,21740.51,113,10.53,3.72,1
06e5eefc71ec47ae763c5c6f8db7064f,RS,90,21648.67,114,0.0,3.98,0
8444e55c1f13cd5c179851e5ca5ebd00,MG,92,21480.96,115,6.52,3.37,0
05ff92fedb5be47920fea08e501238b9,RS,57,21235.98,116,3.51,4.32,0
8f2ce03f928b567e3d56181ae20ae952,SP,151,21213.2,117,12.58,4.15,0
59fb871bf6f4522a87ba567b42dafecf,SP,123,21178.6,118,5.69,4.28,0
d2374cbcbb3ca4ab1086534108cc3ab7,SP,514,20926.02,119,5.25,3.78,0
00ee68308b45bc5e2660cd833c3f81cc,SP,135,20260.0,120,7.41,4.3,0
48162d548f5b1b11b9d29d1e01f75a61,SP,66,20109.39,121,1.52,3.98,0
729f06993dac8e860d4f02d7088ca48a,SP,94,19885.18,122,9.57,4.22,0
004c9cd9d87a3c30c522c48c4fc07416,SP,156,19569.73,123,6.41,4.14,0
bfd27a966d91cfaafdb25d076585f0da,SP,114,19225.0,124,5.26,4.32,0
dc317f341ab0e22f39acbd9dbf9b4a1f,RS,55,18988.4,125,5.45,4.15,0
96493fab2fbb13a14d0c0e8772eef5c3,SP,63,18969.0,126,6.35,4.06,0
f457c46070d02cadd8a68551231220dd,PR,195,18798.3,127,5.64,3.88,0
0dd184061fb0eaa7ca37932c68ab91c5,SP,161,18446.92,128,10.56,4.03,1
44073f8b7e41514de3b7815dd0237f4f,DF,142,18380.64,129,3.52,3.74,0
d650b663c3b5f6fb392b6326366efa9a,SP,57,18335.9,130,5.26,4.37,0
cd68562d3f44870c08922d380acae552,SP,122,18119.7,131,15.57,4.02,1
527801b552d0077ffd170872eb49683b,SP,90,17942.8,132,10.0,4.47,0
a888faf2d1baececa6baf9c3d603ee1f,PR,53,17564.8,133,9.43,4.09,1
9de4643a8dbde634fe55621059d92273,SC,72,17560.34,134,2.78,4.53,0
165fc07beebdcb6190fba8a06db2a449,PR,50,17481.4,135,8.0,3.8,1
94144541854e298c2d976cb893b81343,RS,68,17286.28,136,4.41,4.25,0
8b321bb669392f5163d04c59e235e066,SP,930,17262.94,137,8.71,4.1,1
1e8b33f18b4f7598d87f5cbee2282cc2,SP,122,17233.56,138,3.28,4.4,0
0c8380b62e38e8a1e6adbeba7eb9688c,MG,180,17228.99,139,5.0,4.07,0
54a1852d1b8f10312c55e906355666ee,SP,198,17056.46,140,7.58,4.36,0
abe42c5d03695b4257b5c6cbf4e6784e,RJ,49,17000.0,141,16.33,3.96,1
76d64c4aca3a7baf218bf93ef7fa768d,PR,64,16911.8,142,3.13,4.23,0
8ae520247981aa06bc94abddf5f46d34,SC,65,16320.99,143,0.0,4.45,0
41b39e28db005d9731d9d485a83b4c38,SP,187,16306.75,144,4.81,4.19,0
4a3ccda38b2129705f3fb522db62ca31,SP,64,16169.09,145,6.25,3.94,0
ef0ace09169ac090589d85746e3e036f,RJ,128,16105.4,146,7.81,4.4,0
7aa4334be125fcdd2ba64b3180029f14,SP,214,16012.95,147,11.68,4.13,1
fa40cc5b934574b62717c68f3d678b6d,SP,304,15900.48,148,5.26,4.48,0
86ccac0b835037332a596a33b6949ee1,SC,178,15894.34,149,2.25,4.23,0
4b9750c8ad28220fe6702d4ecb7c898f,SP,217,15815.4,150,5.99,4.36,0
d921b68bf747894be13a97ae52b0f386,MG,77,15645.8,151,1.3,4.56,0
0adac9fbd9a2b63cccaac4f8756c1ca8,SP,106,15557.6,152,5.66,4.09,0
2a5b78b41cd05baeac8df54c6606b92c,MG,46,15554.28,153,2.17,4.54,0
c33847515fa6305ce6feb1e818569f13,SC,114,15519.85,154,3.51,3.85,0
229c3efbfb0ea2058de4ccdfbc3d784a,MG,118,15479.0,155,1.69,3.62,0
e5a38146df062edaf55c38afa99e42dc,SP,120,15270.89,156,7.5,3.98,1
c847e075301870dd144a116762eaff9a,MG,41,15248.8,157,7.32,4.2,0
85d9eb9ddc5d00ca9336a2219c97bb13,MG,499,15107.24,158,2.2,4.22,0
213b25e6f54661939f11710a6fddb871,SP,152,15105.95,159,6.58,3.81,0
2a84855fd20af891be03bc5924d2b453,MG,155,14989.0,160,2.58,4.38,0
01fdefa7697d26ad920e9e0346d4bd1b,PR,128,14802.53,161,5.47,4.38,0
79ebd9a61bac3eaf882805ed4ecfa12a,PR,133,14783.09,162,4.51,4.06,0
080199a181c46c657dc5aa235411be3b,SP,79,14504.2,163,1.27,4.62,0
4c2b230173bb36f9b240f2b8ac11786e,SP,258,14474.57,164,9.3,3.98,1
a5cba26a62b8b4d0145b68b841e62e7f,PR,53,14438.84,165,1.89,4.57,0
1b4c3a6f53068f0b6944d2d005c9fc89,SC,111,14420.5,166,4.5,4.25,0
5cf13accae3222c70a9cac40818ae839,MG,148,14293.3,167,2.03,4.48,0
66922902710d126a0e7d26b0e3805106,MG,150,14267.3,168,7.33,4.5,0
8e6d7754bc7e0f22c96d255ebda59eba,SP,84,14107.38,169,13.1,3.61,1
aba1721a889e04decc910aa13b768ef4,SP,83,14103.3,170,7.23,4.45,0
c6bda72e4dbf5c5866b13cb1810c6d03,SP,59,14059.38,171,3.39,4.39,0
2e90cb1677d35cfe24eef47d441b7c87,SP,127,13894.71,172,12.6,4.12,1
3b15288545f8928d3e65a8f949a28291,SP,101,13764.82,173,6.93,4.08,1
b8bc237ba3788b23da09c0f1f3a3288c,SC,45,13685.71,174,2.22,4.32,0
d94a40fd42351c259927028d163af842,MG,100,13674.8,175,3.0,4.21,0
ce248b21cb2adc36282ede306b7660e5,SC,64,13560.19,176,7.81,4.23,0
6039e27294dc75811c0d8a39069f52c0,SP,63,13500.8,177,17.46,3.73,1
6d66611d7c44cc30ce351abc49a68421,SP,164,13428.6,178,5.49,3.97,0
34d1ca11b242c0fee2c834ae8d788566,MG,40,13422.24,179,0.0,4.33,0
289cdb325fb7e7f891c38608bf9e0962,SP,109,13410.55,180,1.83,4.59,0
a3e9a2c700480d9bb01fba070ba80a0e,SP,129,13371.8,181,9.3,4.0,1
a673821011d0cec28146ea42f5ab767f,SP,125,13366.0,182,10.4,4.05,1
240b9776d844d37535668549a396af32,RJ,35,13332.09,183,2.86,4.34,0
1f9ab4708f3056ede07124aad39a2554,SP,76,13312.93,184,5.26,4.09,0
d05ae8f7a5bd1d2a690a44cd079e4e27,RJ,77,13244.0,185,6.49,3.89,0
0b35c634521043bf4b47e21547b99ab5,PR,50,13235.65,186,16.0,3.41,1
669ae81880e08f269a64487cfb287169,SC,161,13133.87,187,4.35,4.26,0
05f51e13da97139648b8125c31e5f51b,MG,57,13100.31,188,15.79,4.23,0
440dd6ab244315c632130ecfb63827b1,SP,91,13089.0,189,13.19,3.89,1
d50d79cb34e38265a8649c383dcffd48,SP,70,13012.42,190,4.29,4.25,0
c31eff8334d6b3047ed34bebd4d62c36,SP,120,12991.61,191,11.67,3.87,1
431af27f296bc6519d890aa5a05fdb11,SP,116,12974.6,192,13.79,3.8,1
6edacfd9f9074789dad6d62ba7950b9c,SP,205,12966.4,193,4.39,4.38,0
9e6229250fedbe05838fef417b74e7fb,SP,73,12962.3,194,2.74,3.89,0
e24fc9fcd865784fb25705606fe3dfe7,SP,51,12768.0,195,7.84,4.16,0
ed4acab38528488b65a9a9c603ff024a,SP,32,12759.45,196,0.0,3.72,0
00fc707aaaad2d31347cf883cd2dfe10,PR,103,12684.9,197,3.88,4.08,0
530ec6109d11eaaf87999465c6afee01,PR,94,12682.11,198,1.06,4.34,0
75d34ebb1bd0bd7dde40dd507b8169c3,BA,57,12656.33,199,12.28,3.93,1
99eaacc9e6046db1c82b163c5f84869f,SP,63,12642.28,200,11.11,4.0,1
b372ee768ed69e46ca8cdbd267aa7a38,SP,63,12630.0,201,0.0,4.43,0
cfb1a033743668a192316f3c6d1d2671,SP,143,12609.54,202,9.79,4.04,1
1ca7077d890b907f89be8c954a02686a,SP,108,12474.64,203,16.67,2.39,1
ac3508719a1d8f5b7614b798f70af136,RS,101,12446.14,204,1.98,4.64,0
d6b1ce66b035a475f00c017792ff9769,SP,92,12277.4,205,5.43,4.28,0
056b4ada5bbc2c50cc7842547dda6b51,RJ,64,12203.4,206,10.94,4.21,0
c66dccfb3f109511246da627dd5a2498,SP,44,12182.55,207,4.55,4.57,0
2e1c9f22be269ef4643f826c9e650a52,SP,161,12170.24,208,6.21,4.24,0
c8b0e2b0a7095e5d8219575d5e7e1181,SP,84,12170.21,209,7.14,4.08,1
66e0557ecc2b4dbea057e93f215f68d8,SP,30,12141.0,210,20.0,4.03,1
2138ccb85b11a4ec1e37afbd1c8eda1f,SP,388,12089.22,211,4.64,3.96,0
7202e2ba20579a9bd1acb29e61fe71f6,SP,51,12085.7,212,3.92,3.98,0
70c27847eca8195c983ed7e798c56743,RJ,77,12077.52,213,6.49,4.23,0
ff063b022a9a0aab91bad2c9088760b7,SP,94,12076.5,214,3.19,4.31,0
a7f13822ceb966b076af67121f87b063,SP,73,12017.69,215,4.11,3.4,0
701938c450705b8ae65fc923b70f35c7,SP,74,11879.29,216,4.05,4.0,0
09f952a5f58d2285b0372551ae8f9b01,SP,50,11821.5,217,6.0,3.84,0
48436dade18ac8b2bce089ec2a041202,SP,134,11821.11,218,7.46,4.1,1
adbc26658d6c7b4b6219f9d934598091,PR,88,11806.4,219,13.64,4.13,1
72c5da29406b4234927b81855e7b64f6,SP,31,11798.69,220,3.23,4.13,0
128639473a139ac0f3e5f5ade55873a5,PR,527,11795.85,221,4.17,4.21,0
ce7d1888639e6fb06b2749cbfdac1ff7,MG,78,11793.89,222,8.97,4.17,0
e8b3a3a38279a82f0e5d006d5e5b7d2c,PR,80,11762.4,223,3.75,4.01,0
e26901d5ab434ce92fd9b5c256820a4e,SP,197,11601.5,224,1.52,4.2,0
25e6ffe976bd75618accfe16cefcbd0d,SP,106,11552.62,225,2.83,4.44,0
d1b65fc7debc3361ea86b5f14c68d2e2,SP,39,11413.17,226,2.56,4.64,0
0be8ff43f22e456b4e0371b2245e4d01,SP,156,11336.0,227,6.41,4.03,0
c60b801f2d52c7f7f91de00870882a75,SP,39,11296.5,228,15.38,3.44,1
1d8dbc4f32378d715c717c1c1fc57bae,PR,91,11205.99,229,8.79,4.06,1
6cd68b3ed6d59aaa9fece558ad360c0a,MG,149,11188.57,230,1.34,4.46,0
cab85505710c7cb9b720bceb52b01cee,SP,201,11124.6,231,1.99,4.34,0
80e6699fe29150b372a0c8a1ebf7dcc8,PR,96,11119.66,232,3.13,4.34,0
5a8e7d5003a1f221f9e1d6e411de7c23,SP,137,11042.1,233,3.65,4.17,0
8d956fec2e4337affcb520f56fd8cbfd,SP,210,10988.2,234,6.19,4.21,0
95e03ca3d4146e4011985981aeb959b9,RJ,172,10865.16,235,3.49,4.02,0
7ea5bfa6c340f58f8e71fc1f0412b0d6,MG,96,10838.41,236,6.25,4.19,0
813348c996469b40f2e028d5429d3495,SP,172,10813.53,237,4.65,4.07,0
82e0a475a88cc9595229d8029273f045,SP,41,10748.02,238,9.76,3.71,1
23d7c96d4a1160db1c726b248601b25a,SP,50,10658.24,239,10.0,3.92,1
c9c7905cffc4ef9ff9f113554423e671,SP,127,10657.18,240,7.87,4.14,0
dd2bdf855a9172734fbc3744021ae9b9,MG,105,10607.0,241,5.71,3.88,0
0ea22c1cfbdc755f86b9b54b39c16043,MG,234,10592.1,242,0.85,4.41,0
c864036feaab8c1659f65ea4faebe1da,PR,58,10454.2,243,3.45,4.57,0
6973a06f484aacf400ece213dbf3d946,SP,89,10418.72,244,14.61,3.72,1
54965bbe3e4f07ae045b90b0b8541f52,PR,73,10351.7,245,30.14,3.14,1
ea566164622c6b439516ab18062c42cd,SP,50,10309.42,246,18.0,3.78,1
33a6f4b1e7cdc205511e76ba1b6e0186,SP,105,10295.01,247,1.9,4.41,0
f262cbc1c910c83959f849465454ddd3,SP,189,10199.86,248,7.41,4.18,0
b499c00f28f4b7069ff6550af8c1348a,SP,147,10162.18,249,12.93,4.22,0
9d5a9018aee56acb367ba9c3f05d1d6a,GO,66,10119.98,250,1.52,4.45,0
0df3984f9dfb3d49ac6366acbd3bbb85,MG,86,9891.49,251,1.16,4.38,0
9d4db00d65d7760644ac0c14edb5fd86,SP,97,9845.71,252,4.12,4.54,0
5343d0649eca2a983820bfe93fc4d17e,SP,70,9819.02,253,10.0,3.87,1
f3b80352b986ab4d1057a4b724be19d0,DF,86,9815.1,254,0.0,4.21,0
5058e8c1e82653974541e83690655b4a,SP,62,9812.83,255,11.29,3.25,1
bd23da7354813347129d751591d1a6e2,SP,86,9704.6,256,2.33,4.12,0
17ca9b9e9b9ef8fdb529001b49ebb50f,MG,115,9649.86,257,0.87,4.07,0
e96498ed8daaa3e9c23f7a62da76591c,SP,34,9619.09,258,14.71,3.94,1
b2ac621f0d0322434d04a12b078b9369,PR,30,9575.5,259,10.0,4.4,0
ef506c96320abeedfb894c34db06f478,SP,316,9556.5,260,7.91,3.96,1
1c129092bf23f28a5930387c980c0dfc,SP,200,9528.62,261,4.5,4.25,0
4830e40640734fc1c52cd21127c341d4,SP,204,9490.5,262,4.9,4.23,0
3db66a856d18a9cba7c9241fc5221c50,MG,94,9478.3,263,10.64,4.2,0
ce27a3cc3c8cc1ea79d11e561e9bebb6,SP,122,9465.45,264,1.64,4.19,0
01cf7e3d21494c41fb86034f2e714fa1,PR,59,9439.56,265,5.08,4.12,0
3c487ae8f8d7542beff5788e2e0aea83,DF,30,9385.7,266,3.33,4.2,0
31344c16881c08a8a72c6d2eb29918c1,MG,42,9365.8,267,4.76,4.43,0
aaed1309374718fdd995ee4c58c9dfcd,SC,104,9345.45,268,2.88,4.06,0
81a1104df0f08b59c68aa5b03cfe398e,PR,72,9320.98,269,4.17,4.31,0
7b07b3c7487f0ea825fc6df75abd658b,SP,91,9259.47,270,4.4,4.42,0
ca3bd7cd9f149df75950150d010fe4a2,SP,68,9253.47,271,1.47,4.09,0
aafe36600ce604f205b86b5084d3d767,SC,129,9251.4,272,3.88,4.4,0
7040e82f899a04d1b434b795a43b4617,SP,208,9213.7,273,7.69,3.65,1
cb8bcce248bb1fb274ba762d8b971456,MG,66,9152.4,274,1.52,4.33,0
dd7ddc04e1b6c2c614352b383efe2d36,SP,121,9148.61,275,12.4,3.88,1
0db783cfcd3b73998abc6e10e59a102f,SP,132,9077.4,276,3.79,4.21,0
048c2757535328e0d7dac690ad3c0aae,SP,50,9065.08,277,12.0,4.24,0
5b8154610ebb21fb90eb587365e673df,SP,37,9048.05,278,10.81,4.16,0
624f4ece8da4aafb77699233d480f8ef,SP,52,9046.0,279,7.69,4.25,0
4e7c18b98d84e05cbae3ff0ff03846c2,SP,81,9038.9,280,3.7,4.2,0
8b28d096634035667e8263d57ba3368c,SP,139,9025.3,281,10.79,4.01,1
066a6914e1ebf3ea95a216c73a986b91,PR,66,8956.38,282,3.03,4.09,0
f27e33c6d29b5138fa9967bcd445b6d5,SP,93,8888.3,283,8.6,4.1,1
32b8764b4ef628b53608fc34011fcc13,SC,36,8884.0,284,2.78,4.19,0
5f2684dab12e59f83bef73ae57724e45,SP,67,8870.97,285,5.97,3.79,0
f80edd2c5aaa505cc4b0a3b219abf4b8,SP,116,8855.5,286,5.17,4.15,0
8e8a7ce9f2f970dc00e2acf6f6e199f6,RJ,63,8821.0,287,6.35,3.98,0
9b013e03b2ab786505a1d3b5c0756754,SP,170,8714.55,288,4.12,4.22,0
6d803cb79cc31c41c4c789a75933b3c7,SP,58,8711.4,289,6.9,4.24,0
1da3aeb70d7989d1e6d9b0e887f97c23,SP,261,8691.56,290,4.6,4.17,0
b1a81260566c1bac3114a6d124413f27,RS,51,8684.69,291,0.0,4.27,0
562fc2f2c2863ab7e79a9e4388a58a14,SP,255,8659.25,292,3.14,4.23,0
a49928bcdf77c55c6d6e05e09a9b4ca5,SP,96,8646.9,293,21.88,3.03,1
fffd5413c0700ac820c7069d66d98c89,SP,57,8535.0,294,12.28,3.89,1
6c7d50c24b3ccd2fd83b44d8bb34e073,SP,112,8445.96,295,1.79,4.45,0
259f7b5e6e482c230e5bfaa670b6bb8f,SP,136,8393.14,296,1.47,4.35,0
db2956745b3a8e9f3785c99f34b5d25e,SP,45,8261.0,297,8.89,3.84,1
b92e3c8f9738272ff7c59e111e108d7c,MG,62,8231.09,298,3.23,4.16,0
cbd996ad3c1b7dc71fd0e5f5df9087e2,SP,160,8217.5,299,8.13,4.21,0
4371b634e0efc0e22b09b52907d9d469,SP,101,8168.0,300,6.93,4.48,0
fdb9095204a334cd8872252ffec6f2db,SP,46,8156.0,301,6.52,4.17,0
33a17d60c64393351ebf1ef860f4e0f2,RS,43,8152.48,302,2.33,4.63,0
93dc87703c046b603023e75222018b45,MG,33,8149.35,303,9.09,4.13,1
7d456afc660226829370f3173d14520c,SP,55,8118.25,304,3.64,4.35,0
6c177e38df6d3f34182b1f1d427231bf,PR,53,8112.89,305,1.89,4.15,0
fcb5ace8bcc92f75707dc0f01a27d269,SP,59,8009.35,306,3.39,3.98,0
b1fc4f64df5a0e8b6913ab38803c57a9,RJ,107,7994.74,307,12.15,3.86,1
903037660cf848a717166eb7a06d616e,SP,44,7935.18,308,11.36,3.95,1
5656537e588803a555b8eb41f07a944b,DF,171,7931.26,309,5.85,3.89,0
3078096983cf766a32a06257648502d1,SP,56,7910.84,310,3.57,4.3,0
972d0f9cf61b499a4812cf0bfa3ad3c4,SC,81,7910.42,311,11.11,3.03,1
750303a20e9c56b2a6bc45cdce0b897d,GO,53,7876.0,312,3.77,4.3,0
725c32fa80c2faacc4fc88450d27314e,SP,89,7838.88,313,1.12,4.52,0
2dee2ce60de9709b1a24083217181a1f,MT,54,7784.5,314,1.85,4.43,0
b18dc380845b24038cfc48006478f099,SP,43,7753.96,315,11.63,4.21,0
5b925e1d006e9476d738aa200751b73b,SP,63,7748.5,316,6.35,4.6,0
6fd52c528dcb38be2eea044946b811f8,SP,67,7743.02,317,13.43,3.39,1
ebd2d60905fb58271facef5596b620d3,SP,82,7713.02,318,3.66,4.23,0
3bb548e3cb7f70f28e3f11ee9dce0e59,PR,46,7690.02,319,0.0,4.2,0
2089a6d640999f9b9141ac719b2af596,SP,41,7676.02,320,12.2,3.93,1
08633c14ef2db992c11f840f04fad4cd,SP,74,7644.3,321,5.41,4.36,0
4e17c65a516f69d023a2ae78b84f28d6,SP,61,7639.26,322,4.92,4.23,0
0432ead42b6c8a0bdf68154add917fdf,SP,82,7574.4,323,2.44,4.54,0
42bde9fef835393bb8a8849cb6b7f245,DF,34,7574.0,324,2.94,4.35,0
8a432f4e5b471f8da497d7dc517666e2,SP,95,7555.0,325,2.11,4.19,0
e5a3438891c0bfdb9394643f95273d8e,SP,216,7549.96,326,15.74,3.99,1
058fd0aa2bfdb2274e05e1ae971dabb6,SP,60,7549.9,327,6.67,4.37,0
7008613ea464bad5cb9b83456e1e6a8f,SC,123,7538.7,328,4.88,4.28,0
640e21a7d01df7614a3b4923e990d40c,SP,115,7528.89,329,4.35,4.33,0
062ce95fa2ad4dfaedfc79260130565f,RS,54,7479.1,330,3.7,4.09,0
bd0389da23d89b726abf911cccc54596,DF,87,7472.16,331,6.9,4.17,0
a420f60ff1aa9acc80d0e42959f2b313,SP,67,7443.3,332,7.46,3.95,1
7a241947449cc45dbfda4f9d0798d9d0,MG,56,7434.66,333,7.14,4.15,0
0bae85eb84b9fb3bd773911e89288d54,SP,136,7433.56,334,0.74,4.29,0
18a349e75d307f4b4cc646a691ed4216,SP,109,7425.21,335,5.5,3.6,0
e0a366315b1b726b6c7832d664c0f530,SP,43,7400.09,336,2.33,4.3,0
b410bdd36d5db7a65dcd42b7ead933b8,GO,42,7368.9,337,0.0,4.81,0
381c83fdca332ea6afd896da20bf6e4a,PR,46,7355.8,338,2.17,4.39,0
a2e874074c877c5a05abae80ad6e488f,SP,40,7355.0,339,5.0,4.25,0
aced59e9b31ef866a94f9e7f29d8d418,SP,61,7268.5,340,3.28,4.43,0
e333046ce6517bd8bb510291d44f0130,SP,68,7268.0,341,4.41,4.34,0
8648b1e89e9b349e32d3741b30ec737e,SP,93,7228.75,342,9.68,4.15,0
cee48807215b30a12ca2ca10ffb5f250,SP,39,7212.23,343,12.82,3.77,1
dbb9b48c841a0e39e21f98e1a6b2ec3e,SP,108,7186.85,344,3.7,4.27,0
cc63f0dd2acba93ffed4fe9f8e0321fa,SP,55,7096.71,345,0.0,4.09,0
febab0275244b9a49a623f0bd613ca2f,SP,106,7094.82,346,3.77,4.44,0
d13e50eaa47b4cbe9eb81465865d8cfc,SP,66,7073.05,347,9.09,4.82,0
7722b1df1b0e383e000397b2c11e3e19,SP,133,7046.6,348,3.01,4.23,0
dd55f1bb788714a40e7954c3be6df745,SP,35,7041.76,349,17.14,3.74,1
d98eec89afa3380e14463da2aabaea72,RS,168,6968.53,350,2.38,4.34,0
d9bd94811c3338dceb4181f3dbc0c73e,SP,54,6911.02,351,5.56,4.8,0
36a968b544695394e4e9d7572688598f,SP,148,6864.47,352,3.38,3.75,0
58f1a6197ed863543e0136bdedb3fce2,MG,44,6833.0,353,2.38,4.18,0
40d54b51e962dbe09cabbcfd33298dee,SP,30,6785.56,354,0.0,4.0,0
ff1fb4c404b2efe68b03350a8dc24122,SP,46,6771.0,355,13.04,4.0,1
3340ef1913fb70d28420f6ceb685c339,PR,32,6731.15,356,3.13,4.38,0
ececbfcff9804a2d6b40f589df8eef2b,SP,97,6714.15,357,9.28,4.11,1
fa1a9dec3a9940c072684a46728bf1fc,SC,55,6674.0,358,0.0,4.11,0
1127b7f2594683f2510f1c2c834a486b,SP,110,6669.7,359,1.82,4.19,0
b4ffb71f0cb1b1c3d63fad021ecf93e1,SP,143,6635.69,360,2.1,4.24,0
63b464dbf392c7b80d12d932fa7cafed,SP,36,6622.0,361,5.56,3.86,0
609e1a9a6c2539919b8205cf7c4e6ff0,SC,87,6595.23,362,1.15,3.81,0
83e197e95a1bbabc8c75e883ed016c47,RJ,46,6574.19,363,2.17,4.8,0
aac29b1b99776be73c3049939652091d,MG,94,6563.66,364,9.57,4.16,0
5d0363b33554b373851fc1622e4d5f3c,SP,93,6548.79,365,8.6,4.08,1
11305281b50fff20ae8bb473f8e11876,MG,35,6528.7,366,11.43,4.31,0
751bdc4d83a466c7206cd42e8f426b03,SP,51,6520.96,367,1.96,3.94,0
282f23a9769b2690c5dda22e316f9941,MG,98,6464.28,368,4.08,4.37,0
516e7738bd8f735ac19a010ee5450d8d,RJ,74,6463.19,369,2.7,4.64,0
4c03b9dd4c11ee2cb35c96c49efc9420,SP,48,6458.6,370,2.08,4.11,0
92eb0f42c21942b6552362b9b114707d,SP,334,6416.41,371,4.79,4.02,0
7dc8c42cc750eeafea6c85712ffee9bf,SP,41,6409.68,372,4.88,4.2,0
376a891762bbdecbc02b4b6adec3fdda,GO,57,6406.23,373,3.51,4.67,0
34056b8b55c1775a22af2331670a799c,SP,77,6398.7,374,11.69,4.04,1
02f623a8eb246f3c5f7c2f96462654e6,SP,44,6378.0,375,6.82,4.56,0
57e632711dec9ec14ca7546769483e7e,SC,62,6350.06,376,0.0,4.42,0
1da366cade6d8276e7d8beea7af5d4bf,MG,42,6348.59,377,7.14,3.98,1
bd4889b5e9133b35b66e42a8665cea5c,SP,36,6271.9,378,0.0,4.4,0
6b243f80ed07b10f0e8aa0f21a205f3c,PR,79,6260.1,379,3.8,4.27,0
ea67327e24487bdfac5fbfa37ea124df,SP,32,6250.18,380,3.13,3.53,0
670c26e0f1bf8d0576271d5cfaec6d2b,PR,77,6250.1,381,5.19,4.31,0
dee656f0f566ed1aa85bd137c943f08f,SP,92,6212.08,382,4.35,4.37,0
dfc5fb7259bb2b599ca565e6e9448f0f,SP,33,6124.63,383,3.03,4.12,0
8a32e327fe2c1b3511609d81aaf9f042,SP,126,6101.12,384,3.17,3.94,0
bacb1f0ed56ad24198f5810d2b3fe9a5,SP,38,6078.05,385,2.63,4.32,0
6f892e20a171e98efe17fdb971ff319b,SP,41,6049.0,386,9.76,4.15,0
ad781527c93d00d89a11eecd9dcad7c1,SP,38,6039.63,387,31.58,3.34,1
2c9e548be18521d1c43cde1c582c6de8,SP,124,6013.56,388,15.32,4.13,1
ba143b05f0110f0dc71ad71b4466ce92,SP,83,5998.7,389,12.05,4.46,0
9baf5cb77970f539089d09a38bcec5c3,SP,31,5989.68,390,0.0,4.42,0
bba74270a87732727b5a3b4fd9ac1c39,MG,35,5964.6,391,0.0,4.06,0
37515688008a7a40ac93e3b2e4ab203f,SP,227,5954.1,392,7.93,4.1,1
26d8a1c7c75d513045798992ead43aa2,PR,34,5937.13,393,8.82,4.41,0
8e6cc767478edae941d9bd9eb778d77a,MG,100,5929.35,394,6.0,4.06,0
6a8b085f816a1f75f92dbac6eb545f8f,SP,125,5884.17,395,8.0,4.16,0
0691148aee60ca47977c187804f935ae,PR,47,5868.51,396,2.13,4.17,0
f84a00e60c73a49e7e851c9bdca3a5bb,RJ,88,5849.24,397,10.23,3.9,1
688756f717c462a206ad854c5027a64a,SP,81,5837.67,398,3.7,3.89,0
0bf0150d5b9d60d9cd2906003332f085,SP,39,5774.6,399,15.38,3.79,1
05d2173d43ea568aa0540eba70d2ca76,MG,62,5759.66,400,4.84,4.18,0
f46490624488d3ff7ce78613913a7711,SP,80,5690.95,401,11.25,3.76,1
91f848e9f4be368f4318775aac733370,SP,60,5668.61,402,1.67,4.4,0
9616352088dcf83a7c06637f4ebf1c80,PR,91,5643.1,403,0.0,4.35,0
8c16d1f32a54d92897cc437244442e1b,SC,108,5642.6,404,0.93,4.36,0
e8b4225284fbb02d16f200513f1f395d,SP,30,5638.62,405,10.0,4.3,0
080102cd0a76b09e0dcf55fcacc60e05,MG,122,5612.65,406,4.1,4.52,0
b14db04aa7881970e83ffa9426897925,SP,78,5595.9,407,10.26,3.77,1
f181738b150df1f37cb0bd72e705b193,SP,36,5529.7,408,8.33,4.47,0
e2aee0892199b1d92530e371abd825bf,PR,36,5392.77,409,13.89,3.89,1
23c38debaffe4a25a30fdbd9b586a13f,SP,41,5382.18,410,12.2,4.32,0
83deb69e889cf80f82be1dc6d5f2d486,SC,40,5363.01,411,5.0,4.33,0
2a261b5b644fa05f4f2700eb93544f2c,SP,51,5355.0,412,15.69,3.84,1
e62b2d6ac10570a035a30bafcf01d263,SP,62,5340.39,413,11.29,3.97,1
b6d44737c043328708f6749c2dbe50bd,SP,61,5284.6,414,6.56,4.52,0
3be634553519fb6536a03e1358e9fdc7,SP,80,5231.02,415,7.5,4.0,1
f67efa3f0b6761102a7f8c6b7b571f5d,PR,31,5188.68,416,0.0,4.48,0
f680f85bee2d253556ac91be391d2c82,SP,45,5183.92,417,2.22,4.33,0
5b179e9e8cc7ab6fd113a46ca584da81,SP,34,5173.5,418,5.88,3.67,0
709e16e2b25c7474d980076c6bfc4806,SP,60,5151.9,419,3.33,4.52,0
d566c37fa119d5e66c4e9052e83ee4ea,SP,65,5145.7,420,0.0,4.69,0
fad44952713764836814be105382aee5,RJ,32,5129.0,421,0.0,4.28,0
4917cee8d902e13428c3ec4b1ca6f315,SC,31,5103.9,422,3.23,4.16,0
45ba18c210d42734ec52c0c1c574e9ee,SP,35,5099.44,423,5.71,4.11,0
b39d7fe263ef469605dbb32608aee0af,SP,43,5063.2,424,4.65,3.93,0
0cbcee27c791afa0cdcb08587a2013a8,MG,37,5054.15,425,10.81,4.0,1
e067ad2c1c0b48758eb1b5228bcf7a68,SP,54,5042.55,426,7.41,4.15,0
afe0067131b73e40875c9b6c10bd2e21,MG,45,5040.5,427,4.44,4.27,0
3df020b72d3d44b3af9d110fa3940b65,SP,55,5039.9,428,9.09,4.05,1
f84fa566034f5e8e880a07ec624c56af,SP,89,4993.91,429,10.11,4.25,0
835f0f7810c76831d6c7d24c7a646d4d,SP,42,4990.2,430,26.19,3.36,1
9674754b5a0cb32b638cec001178f799,SP,84,4941.73,431,2.38,4.11,0
dbd66278cbfe1aa1000f90a217ca4695,SP,85,4928.9,432,3.53,4.51,0
e9d99831abad74458942f21e16f33f92,SP,130,4922.48,433,10.0,3.93,1
3ab971ce71839580d2ae5b4e40fe8044,SP,35,4917.0,434,5.71,3.91,0
1bb2bdb95f4841f1bba2c0d2cd83d3c9,SP,79,4905.76,435,6.33,4.63,0
f789d2c4f2c2eb38fc4373e7a4b35264,MG,44,4864.24,436,4.55,4.16,0
0d85bbda9889ce1f7e63778d24f346eb,MG,51,4845.2,437,11.76,4.2,0
1336efc61c316ddf92c899eb817f7cae,SP,74,4837.31,438,8.11,4.0,1
abcd2cb37d46c2c8fb1bf071c859fc5b,MT,44,4817.32,439,4.55,4.32,0
2a7dc43cecabf23403078e2188437d1d,SP,52,4795.91,440,5.77,4.1,0
dfa0c4c6229ab200a4a1336b4d7128ff,SC,77,4777.1,441,1.3,4.0,0
acce39e832338debb07b02385cde5967,MG,44,4748.1,442,0.0,4.48,0
30a2f535bb48308f991d0b9ad4a8c4bb,SP,71,4731.3,443,2.82,4.28,0
ad420dd0c4f92f8af951ac24b86d0cf5,MG,42,4705.29,444,7.14,4.13,1
582d4f8675b945722eda7c0cb61ba4c7,SP,59,4702.96,445,1.69,4.15,0
b2479f944e1b90cf8a5de1bbfde284d6,SP,101,4666.53,446,11.88,3.47,1
7e3f87d16fb353f408d467e74fbd8014,SP,91,4653.09,447,6.59,4.16,0
0176f73cc1195f367f7b32db1e5b3aa8,SP,37,4643.2,448,10.81,4.11,1
ef990a83bbea832f36ebe81376335aa8,SC,43,4642.59,449,20.93,3.63,1
537eb890efff034a88679788b647c564,RJ,158,4617.9,450,3.8,4.23,0
a3dd39f583bc80bd8c5901c95878921e,BA,34,4607.81,451,2.94,4.59,0
9add47bf45ce8e8c7db6b9cf670b1e09,PR,41,4606.44,452,2.44,4.22,0
06579cb253ecd5a3a12a9e6eb6bf8f47,SP,61,4587.4,453,6.56,4.13,0
4c498c7345e89aebad651544829beca0,SP,47,4570.27,454,10.64,4.28,0
c68fb906c8f4b4b946d8386bfa6e5467,SP,45,4541.16,455,2.22,4.52,0
45d33f715e24d15a6ccf5c17b3a23e3c,SP,56,4518.49,456,5.36,4.14,0
b561927807645834b59ef0d16ba55a24,SP,85,4501.99,457,14.12,4.34,0
b4a476fbd28de64b1e347abf9089366a,SP,30,4479.04,458,6.67,4.14,0
8bd0f31cf0a614c658f6763bd02dea69,SP,33,4455.34,459,3.03,4.28,0
b90e891671cffd9557f33a97dc523645,PR,34,4449.0,460,0.0,4.32,0
bbad7e518d7af88a0897397ffdca1979,SP,68,4426.32,461,16.18,3.18,1
0ef83d7d83ed97cd2a0049ac8be5f88a,PR,48,4421.01,462,2.08,4.15,0
fc906263ca5083d09dce42fe02247800,MG,112,4417.9,463,0.0,4.38,0
beadbee30901a7f61d031b6b686095ad,SP,64,4373.98,464,23.44,3.91,1
2ff97219cb8622eaf3cd89b7d9c09824,SP,87,4339.1,465,3.45,4.54,0
834f8533b2ecb6598dd004ff3de7203a,SP,41,4324.35,466,14.63,3.95,1
cc5a78bbad32776dc4e3af205218368c,MG,33,4269.18,467,3.03,4.45,0
43f8c9950d11ecd03a0304a49e010da6,SP,41,4249.59,468,4.88,4.56,0
3c03b12bab54d8b37d79d914bfdb1aa0,RJ,37,4236.34,469,16.22,3.83,1
8a130737016f838139d31878787a39c9,SP,56,4222.03,470,7.14,4.45,0
23613d49c3ac2bd302259e55c06c050c,SP,69,4193.1,471,8.7,3.87,1
8bb48dc19fccaa8613b6229bf7f452a2,SP,82,4190.72,472,2.44,4.41,0
bccf933e006e9b94a6184af782963e77,SP,45,4162.74,473,2.22,4.52,0
8b9d6eec4a7eb7d0f9d579ce0b38324d,RJ,48,4159.55,474,14.58,4.06,1
cd6efc47efaabf134f8bdb654e10b4f1,RJ,31,4158.55,475,6.45,4.48,0
6fc26fe110feebd80a433e1f012a84f9,SP,35,4150.87,476,11.43,3.91,1
65febd49fd28ec955651299159b1f527,SP,33,4136.71,477,0.0,4.45,0
cac4c8e7b1ca6252d8f20b2fc1a2e4af,SP,74,4128.19,478,17.57,3.56,1
d66c305afaec317ebee552073a674429,MG,38,4126.59,479,2.63,4.45,0
98dac6635aee4995d501a3972e047414,SP,89,4115.75,480,4.49,4.15,0
42b729f859728f5079499127a9c2ef37,SP,103,4096.96,481,7.77,4.48,0
99002261c568a84cce14d43fcffb43ea,MT,36,4088.0,482,5.56,3.72,0
6b3bd31ad8fcda4b2635ec9f3ff2ecdf,RJ,35,4063.9,483,8.57,4.09,1
715bbd5ba4e6b74cb0d2f29eb45058b0,SP,62,4043.3,484,8.06,4.47,0
382229d1e840115ffe3dbf5ff460e417,RJ,45,4037.06,485,6.67,4.27,0
3c7c4a49ec3c6550809089c6a2ca9370,SP,139,4002.75,486,5.76,3.69,0
55a5b51f93f2b70ea513f5a047b0262a,MG,39,4002.3,487,2.56,4.46,0
6ec1a01e866584bb679eb9b098345919,SP,30,3998.91,488,20.0,4.24,0
951e8cef368f09bb3f3d03c00ca4702c,SP,62,3993.31,489,6.45,4.13,0
50c9975695009e5e6473912e83a6d1da,MG,50,3964.4,490,14.0,3.94,1
ec8879960bd2221d5c32f8e12f7da711,SP,35,3957.5,491,17.14,4.29,0
bf3c6d2a28b2b5501e6c15448982dcc9,SP,35,3956.5,492,2.86,4.6,0
3f995f07c49d0d55a99d5c54957f7d81,SP,43,3955.7,493,2.33,4.21,0
81f89e42267213cb94da7ddc301651da,SP,46,3955.0,494,0.0,3.67,0
11bfa66332777660bd0640ee84d47006,SP,76,3925.87,495,14.47,3.92,1
d20b021d3efdf267a402c402a48ea64b,SP,86,3922.3,496,16.28,3.75,1
fde0cc9ea29c8ccfc0a2c22256a58c71,PR,35,3922.0,497,2.86,4.49,0
d5ba419e26d246a0719437cf37d9b46d,SP,33,3911.5,498,9.09,4.0,1
d673a59aac7a70d8b01e6902bf090a11,SP,79,3908.94,499,7.59,3.91,1
f00e21b1e91a79653163b7fd8f293ff1,SP,31,3900.09,500,3.23,4.1,0
14d7985702e72162bbf13b6beb74ab2b,SP,37,3887.0,501,10.81,4.32,0
02f5837340d7eb4f653d676c7256523a,PR,30,3883.05,502,3.33,4.83,0
d12c926d74ceff0a90a21184466ce161,SP,76,3850.28,503,1.32,4.38,0
6860153b69cc696d5dcfe1cdaaafcf62,SP,74,3827.63,504,8.11,4.1,1
232a6014e7b10cba61c6c2b2ea6bb4b0,SP,32,3819.97,505,3.13,4.16,0
6a0cbc8af2e8abd1bdfb777943d174c6,SP,34,3788.15,506,8.82,4.03,1
3f3486b61f45078d4f31ee5e43d8c5bb,SP,39,3769.73,507,10.26,4.33,0
f0b47fbbc6dee9aafe415a6e33051b3f,SP,67,3766.92,508,10.45,4.25,0
7d76b645482be4a332374e8223836592,SP,172,3765.74,509,9.3,4.0,1
891071be6ba827b591264c90c2ae8a63,SP,85,3763.35,510,14.12,3.95,1
3c4e0452bff7a2a788179488d3d77032,PR,32,3746.4,511,3.13,3.84,0
822166ed1e47908f7cfb49946d03c726,RJ,69,3714.83,512,1.45,3.99,0
520b493b57809f446cb0a233bb3e25c7,SP,63,3698.9,513,1.59,4.3,0
0509040ea3fe50071181bbc359eb7738,MG,87,3689.35,514,4.6,4.48,0
2745f798279e0ed033addcc1474776d7,SP,32,3668.53,515,9.38,3.97,1
33ac3e28642ab8bda860a2f693000e78,SP,34,3661.03,516,0.0,4.21,0
56642bcb79900e777d68e91915cb4267,SP,48,3657.64,517,8.33,4.06,1
5d3bb11474a06bdc23fb9e89f1164ee0,SP,31,3654.6,518,3.23,3.9,0
1eade46fba20122dc4aefb379f8c636b,SP,58,3635.37,519,12.07,4.43,0
e49c26c3edfa46d227d5121a6b6e4d37,PE,34,3624.35,520,0.0,4.56,0
8f119a0aee85c0c8fc534629734e94fd,SP,75,3578.88,521,4.0,4.28,0
99a54764c341d5dc80b4a8fac4eba3fb,SP,44,3578.76,522,11.36,3.67,1
602044f2c16190c2c6e45eb35c2e21cb,SP,48,3559.17,523,16.67,3.23,1
406822777a0b9eb5c50e442dd4cd3ec5,SP,44,3548.09,524,11.36,4.33,0
66dc1b1632bd6a3e508510c5b3492107,SP,36,3542.19,525,2.78,3.64,0
f3da5b2ff499efb8d4a6d371d175d7dd,SP,77,3540.89,526,11.69,3.89,1
71039d19d4303bf9054d69e9a9236699,SP,35,3537.2,527,20.0,3.8,1
96804ea39d96eb908e7c3afdb671bb9e,MG,37,3530.75,528,2.7,4.14,0
3d8fa2f5b647373c8620330c4e077a9f,SP,42,3501.74,529,2.38,4.24,0
4559697a8f7e637227c2eeaed843baff,SP,39,3486.3,530,7.69,4.21,0
276677b5d08786d5dce7c2149dcce48b,MG,31,3424.2,531,6.45,4.03,0
b17b679f4f5ce2e03ce6968c62648246,SP,50,3424.18,532,16.0,3.98,1
827f8f69dfa529c561901c4f2e0f332f,PR,91,3408.39,533,6.59,4.28,0
1b8356dabde1d35e17cef975c3f82730,SP,55,3366.4,534,1.82,4.22,0
070d165398b553f3b4b851c216b8a358,SP,31,3333.17,535,12.9,3.37,1
6481e96574816ead57975da2c0f6d80d,SP,32,3324.9,536,3.13,4.19,0
6b90f847357d8981edd79a1eb1bf0acb,SP,45,3322.08,537,0.0,4.36,0
db4350fd57ae30082dec7acbaacc17f9,SP,136,3304.32,538,3.68,4.16,0
994f04b3718c2bab35c2adfa8afecd2a,SP,47,3289.8,539,6.38,4.3,0
594f9aaa48e5bf431f011ddc5669b0d5,MG,37,3248.8,540,2.7,4.59,0
643214e62b870443ccbe55ab29a4dccf,SP,65,3229.23,541,10.77,4.4,0
4c18691b6037662be2df78a765d98ab5,SP,63,3195.52,542,6.35,3.87,0
d57e18d5f73c7ccb7f7339b61166898d,SP,61,3187.7,543,0.0,4.43,0
870d0118f7a9d85960f29ad89d5d989a,MG,45,3157.2,544,4.44,4.04,0
c8b3445d737de6befde0c88ede534a5e,SP,30,3149.04,545,3.33,4.43,0
5c6d4016c2a288f074fa0848a2b653d2,SP,31,3100.0,546,9.68,4.16,0
95f83f51203c626648c875dd41874c7f,MG,50,3077.66,547,4.0,3.7,0
aae3bfea055532c57fb453ed3ec80b30,SP,48,3057.92,548,0.0,3.6,0
0ebd97a106433a45a4aebe57c1799778,MG,31,3046.8,549,0.0,4.48,0
4da0e408c99d2fdc2126dc9fce518060,PR,44,3026.0,550,0.0,4.41,0
2d50d6282f8aa2257819a77bfaa0efe0,SP,42,3008.48,551,9.52,3.81,1
3bdff180c7e1f6551a643b99c265a120,SP,56,3008.2,552,1.79,4.25,0
0c7533c71df861ec58ad7ff999ed0e8d,SP,61,2989.3,553,4.92,4.15,0
9646c3513289980f17226a2fc4720dbd,SP,69,2964.4,554,2.9,4.45,0
b1ac6ea7895bc3dd6f0f6f4abbdd2821,RS,38,2962.0,555,0.0,4.53,0
8cbac7e12637ed9cffa18c7875207478,SC,66,2955.98,556,6.06,4.17,0
f4aba7c0bca51484c30ab7bdc34bcdd1,SP,108,2951.9,557,5.56,3.94,0
20d83f3ef0e6925fd74bfd59170babf7,SP,40,2903.6,558,5.0,4.4,0
a6fe7de3d16f6149ffe280349a8535a0,SP,50,2844.9,559,12.0,4.04,1
5f1dc28029d2c244352a68107ec2b542,SP,62,2807.3,560,1.61,4.43,0
cb3dd9ce66268c7a3ca7241ac70ab58c,SP,48,2788.32,561,4.17,4.19,0
1838dd9b8977065acf51d95e0053ea7a,MG,62,2750.5,562,3.23,4.37,0
f7ccf836d21b2fb1de37564105216cc1,SP,69,2748.4,563,7.25,3.85,1
3fd1e727ba94cfe122d165e176ce7967,SP,35,2747.4,564,20.0,3.94,1
5cbbd5a299cab112b7bf23862255e43e,PR,36,2726.06,565,0.0,4.28,0
33576ec5412fb5905d876f12f33bfde6,PR,31,2718.0,566,3.23,4.1,0
31561f325664a8a7aba4c8d0c3a9b3db,SP,36,2702.19,567,0.0,4.64,0
2a1348e9addc1af5aaa619b1a3679d6b,MG,48,2697.4,568,27.08,3.17,1
974cf2cb8f4b7add98709c30df02fe10,SP,30,2694.7,569,3.33,4.17,0
432c37c9dfba871172ec162e20118b8c,DF,44,2679.87,570,9.09,4.25,0
a17f621c590ea0fab3d5d883e1630ec6,SP,63,2677.92,571,6.35,4.16,0
c9aafcd0621b2207c10e32c649cada4d,SP,40,2671.26,572,7.5,4.33,0
d93919c944be9cff128f6c9cb899eacb,SP,33,2666.7,573,15.15,4.0,1
1ce3ae5a399804d1a87e706f8a813c3e,SC,40,2563.0,574,7.5,3.75,1
cd06602b43d8800bd0afad514919d35c,SP,43,2555.31,575,4.65,3.74,0
b76dba6c951ab00dc4edf0a1aa88037e,SP,157,2545.31,576,3.18,4.22,0
b335c59ab742f751a85db9c411a86739,MG,30,2494.11,577,3.33,4.03,0
cce6ab8d1682639fe45ab70234f1665f,SP,61,2442.7,578,3.28,4.51,0
318f287a62ab7ac10b703ac37435a231,SP,51,2432.48,579,9.8,3.92,1
efcd8d2104f1a05d028af7bad20d974b,SP,46,2384.79,580,2.17,4.2,0
d3f39f05462b79a4562d35893a28f159,SP,33,2363.4,581,12.12,3.61,1
5160d23075764e18e07c1f4a87fad743,SP,33,2359.0,582,0.0,4.36,0
ede0c03645598cdfc63ca8237acbe73d,SP,43,2352.15,583,32.56,3.57,1
3504c0cb71d7fa48d967e0e4c94d59d9,SP,53,2349.94,584,0.0,4.42,0
fd386aa7bed2af3c7035c65506c9b4a3,SP,69,2304.15,585,10.14,4.35,0
5a93f3ab0ef4c84ed5e1b5dbf23978bc,SP,38,2299.28,586,2.63,4.79,0
1d4587203296c8f4ad134dc286fa6db0,SP,40,2287.5,587,2.5,4.35,0
6338ea67c41078a46ad99cc009654956,RS,37,2286.09,588,0.0,4.6,0
dd533b429f380718b70ad9922c294bae,SP,39,2244.88,589,10.26,3.92,1
b74d1c09cb380e1d03a6f859c6f4224b,RJ,30,2174.61,590,13.33,4.3,0
4992e76a42cb3aad7a7047e0d3d7e729,SP,56,2171.2,591,5.36,3.96,0
0ffa40d54288e4f3499b8780dd0f144f,SP,33,2162.8,592,12.12,4.48,0
f214d28e8d8e3ef068748498ccc2f813,SP,52,2152.43,593,7.69,4.27,0
e8f6dc8e6a1dcde89d20e3995c8d90b3,SP,35,2148.74,594,8.57,4.0,1
b56906f7fd1696e043f1bcce164c487b,SP,40,2148.49,595,5.0,4.0,0
7f7b8245c336066a1f9933c359f11d77,SP,38,2094.36,596,2.63,4.55,0
e38db885400cd35c71dfd162f2c1dbcf,DF,30,2066.8,597,10.0,4.47,0
f7720c4fa8e3aba4546301ab80ea1f1b,PR,59,2043.55,598,5.08,4.25,0
78c99c6dff4eeae5be99bf635ed21e3f,SP,31,2030.88,599,6.45,4.42,0
0ed6ce5d87fd9c69eaacaeb778d67235,SP,42,2026.52,600,14.29,4.39,0
116ccb1a1604bc88e4d234a8c23f33de,SP,61,2004.89,601,3.28,4.64,0
c013e57c075a06e5b5c48ee03c525719,SP,42,1971.55,602,4.76,4.24,0
bf84056e679dbe9c69929847a40e338f,SP,35,1918.08,603,5.71,3.77,0
6df688df543f90e9b38f4319e75a9d88,MG,39,1891.76,604,0.0,4.56,0
daeb5653dd96c1b11860f72209795012,MG,38,1864.1,605,7.89,4.21,0
c8467937e403e76a8ee9f0ab13f6f5ef,MG,30,1853.79,606,13.33,4.07,1
729b2d09b2a0bdab221076327f13d050,SP,48,1805.21,607,4.17,4.56,0
dc8798cbf453b7e0f98745e396cc5616,SP,35,1733.0,608,5.71,3.37,0
25cf099de44674fde97473224f9d59ab,SP,50,1654.36,609,4.0,4.33,0
2a6fbeaa7ab9e5d59a35841a8da71ce4,SC,30,1632.79,610,6.67,3.93,0
9b00ed88b7fdb95d6ff76e27c1b52d16,SP,46,1567.88,611,6.52,4.54,0
3586b8580d9c917874e053a1bb37b5ff,SP,36,1524.7,612,2.78,4.42,0
d9a84e1403de8da0c3aa531d6d108ba6,SP,53,1385.3,613,5.66,4.58,0
e63e8bfa530fb16910dd6956e592bb81,SP,41,1282.8,614,4.88,4.32,0
718539d38d07dd351c76db862760e2e2,SP,35,1273.01,615,0.0,4.63,0
002100f778ceb8431b7a1020ff7ab48f,SP,50,1216.6,616,18.0,3.96,1
01fd077212124329bac32490e8ef80d9,SP,31,1208.0,617,3.23,4.16,0
5f3ae9136c875522250f8184f253413a,SP,42,1143.05,618,4.76,4.64,0
138dbe45fc62f1e244378131a6801526,SP,49,1125.56,619,2.04,4.08,0
75fbb52eda0cbc24f479d3b2fbfa8d3e,GO,38,1094.19,620,5.26,4.45,0
325f3178fb58e2a9778334621eecdbf9,SP,36,981.7,621,0.0,4.44,0
4e06067cc08b3f41d837768d392c3ee3,MG,31,941.72,622,3.23,4.13,0
1caf283236cd69af44cbc09a0a1e7d32,RJ,33,917.6,623,9.09,4.61,0
113e3a788b935f48aad63e1c41dac1bd,SP,39,847.35,624,5.13,4.32,0
20cb7c2fde3e5bf10f0bbe7394e1c6a9,PR,31,845.0,625,9.68,4.1,1
18e694e0e48ed6f7aa3f24aade5fd697,SP,31,701.54,626,3.23,4.68,0
48efc9d94a9834137efd9ea76b065a38,PR,33,345.6,627,0.0,5.0,0
