purchase_month,orders_placed,orders_delivered,orders_cancelled,revenue_delivered,avg_order_value,revenue_mom_pct,is_partial_month
2016-09-01,4,1,2,134.97,134.97,,1
2016-10-01,324,265,31,40325.11,152.17,29777.09,1
2016-12-01,1,1,0,10.9,10.9,-99.97,1
2017-01-01,800,750,13,111798.36,149.06,1025573.03,0
2017-02-01,1780,1653,62,234223.4,141.7,109.51,0
2017-03-01,2682,2546,65,359198.85,141.08,53.36,0
2017-04-01,2404,2303,27,340669.68,147.92,-5.16,0
2017-05-01,3700,3546,60,489338.25,138.0,43.64,0
2017-06-01,3245,3135,40,421923.37,134.58,-13.78,0
2017-07-01,4026,3872,80,481604.52,124.38,14.15,0
2017-08-01,4331,4193,59,554699.7,132.29,15.18,0
2017-09-01,4285,4150,58,607399.67,146.36,9.5,0
2017-10-01,4631,4478,84,648247.65,144.76,6.73,0
2017-11-01,7544,7289,121,987765.37,135.51,52.37,0
2017-12-01,5673,5513,53,726033.19,131.69,-26.5,0
2018-01-01,7269,7069,82,924645.0,130.8,27.36,0
2018-02-01,6728,6555,103,826437.13,126.08,-10.62,0
2018-03-01,7211,7003,43,953356.25,136.14,15.36,0
2018-04-01,6939,6798,20,973534.09,143.21,2.12,0
2018-05-01,6873,6749,40,977544.69,144.84,0.41,0
2018-06-01,6167,6099,22,856077.86,140.36,-12.43,0
2018-07-01,6292,6159,59,867953.46,140.92,1.39,0
2018-08-01,6512,6351,91,838576.64,132.04,-3.38,0
2018-09-01,16,0,15,0.0,,-100.0,1
2018-10-01,4,0,4,0.0,,,1
